date,code,time,area,air_temp,soil_temp,lab_temp,chamber_top_volume,chamber_base_volume
2019_10_18,NNHA,AS,14.793,300.9,308.9,293.8,4.4,1.79609375
2019_10_18,NNHA,0,14.863,300.9,308.9,293.8,4.4,1.79609375
2019_10_18,NNHA,15,16.269,300.9,308.9,293.8,4.4,1.79609375
2019_10_18,NNHA,30,17.33,300.9,308.9,293.8,4.4,1.79609375
2019_10_18,NNHA,45,18.374,300.9,308.9,293.8,4.4,1.79609375
2019_10_18,NNHB,AS,14.949,300.9,306.1,293.8,12.5,0.47265625
2019_10_18,NNHB,0,15.313,300.9,306.1,293.8,12.5,0.47265625
2019_10_18,NNHB,15,17.782,300.9,306.1,293.8,12.5,0.47265625
2019_10_18,NNHB,30,19.49,300.9,306.1,293.8,12.5,0.47265625
2019_10_18,NNHB,45,20.589,300.9,306.1,293.8,12.5,0.47265625
2019_10_18,NNHC,AS,20.274,300.9,304.2,293.8,12.5,0.047265625
2019_10_18,NNHC,0,15.174,300.9,304.2,293.8,12.5,0.047265625
2019_10_18,NNHC,15,18.721,300.9,304.2,293.8,12.5,0.047265625
2019_10_18,NNHC,30,20.309,300.9,304.2,293.8,12.5,0.047265625
2019_10_18,NNHC,45,21.495,300.9,304.2,293.8,12.5,0.047265625
2019_10_18,NNLA,AS,15.277,300.9,305.8,293.8,12.5,1.03984375
2019_10_18,NNLA,0,15.572,300.9,305.8,293.8,12.5,1.03984375
2019_10_18,NNLA,15,17.188,300.9,305.8,293.8,12.5,1.03984375
2019_10_18,NNLA,30,17.971,300.9,305.8,293.8,12.5,1.03984375
2019_10_18,NNLA,45,17.536,300.9,305.8,293.8,12.5,1.03984375
2019_10_18,NNLB,AS,18.284,300.9,305.3,293.8,12.5,2.17421875
2019_10_18,NNLB,0,14.496,300.9,305.3,293.8,12.5,2.17421875
2019_10_18,NNLB,15,16.058,300.9,305.3,293.8,12.5,2.17421875
2019_10_18,NNLB,30,16.006,300.9,305.3,293.8,12.5,2.17421875
2019_10_18,NNLB,45,15.571,300.9,305.3,293.8,12.5,2.17421875
2019_10_18,NNLC,AS,15.71,300.9,301.7,293.8,12.5,1.79609375
2019_10_18,NNLC,0,17.605,300.9,301.7,293.8,12.5,1.79609375
2019_10_18,NNLC,15,20.62,300.9,301.7,293.8,12.5,1.79609375
2019_10_18,NNLC,30,22.647,300.9,301.7,293.8,12.5,1.79609375
2019_10_18,NNLC,45,24.532,300.9,301.7,293.8,12.5,1.79609375
2019_10_18,NEHA,AS,14.842,298.6,303.7,293.8,12.5,1.5125
2019_10_18,NEHA,0,15.797,298.6,303.7,293.8,12.5,1.5125
2019_10_18,NEHA,15,17.656,298.6,303.7,293.8,12.5,1.5125
2019_10_18,NEHA,30,19.626,298.6,303.7,293.8,12.5,1.5125
2019_10_18,NEHA,45,21.947,298.6,303.7,293.8,12.5,1.5125
2019_10_18,NEHB,AS,15.102,298.6,302.7,293.8,12.5,1.5125
2019_10_18,NEHB,0,14.72,298.6,302.7,293.8,12.5,1.5125
2019_10_18,NEHB,15,17.726,298.6,302.7,293.8,12.5,1.5125
2019_10_18,NEHB,30,19.52,298.6,302.7,293.8,12.5,1.5125
2019_10_18,NEHB,45,20.724,298.6,302.7,293.8,12.5,1.5125
2019_10_18,NEHC,AS,16.214,298.6,302.4,293.8,4.4,2.17421875
2019_10_18,NEHC,0,15.987,298.6,302.4,293.8,4.4,2.17421875
2019_10_18,NEHC,15,19.678,298.6,302.4,293.8,4.4,2.17421875
2019_10_18,NEHC,30,21.144,298.6,302.4,293.8,4.4,2.17421875
2019_10_18,NEHC,45,21.879,298.6,302.4,293.8,4.4,2.17421875
2019_10_18,NELA,AS,15.797,298.6,302.7,293.8,12.5,2.26875
2019_10_18,NELA,0,15.605,298.6,302.7,293.8,12.5,2.26875
2019_10_18,NELA,15,15.207,298.6,302.7,293.8,12.5,2.26875
2019_10_18,NELA,30,15.206,298.6,302.7,293.8,12.5,2.26875
2019_10_18,NELA,45,14.443,298.6,302.7,293.8,12.5,2.26875
2019_10_18,NELB,AS,14.876,298.6,302.9,293.8,12.5,1.890625
2019_10_18,NELB,0,14.617,298.6,302.9,293.8,12.5,1.890625
2019_10_18,NELB,15,18.022,298.6,302.9,293.8,12.5,1.890625
2019_10_18,NELB,30,18.353,298.6,302.9,293.8,12.5,1.890625
2019_10_18,NELB,45,19.032,298.6,302.9,293.8,12.5,1.890625
2019_10_18,NELC,AS,16.596,298.6,303,293.8,4.4,1.60703125
2019_10_18,NELC,0,15.501,298.6,303,293.8,4.4,1.60703125
2019_10_18,NELC,15,22.735,298.6,303,293.8,4.4,1.60703125
2019_10_18,NELC,30,24.417,298.6,303,293.8,4.4,1.60703125
2019_10_18,NELC,45,27.899,298.6,303,293.8,4.4,1.60703125
2019_10_18,CNHA,AS,NA,NA,NA,NA,NA,NA
2019_10_18,CNHA,0,NA,NA,NA,NA,NA,NA
2019_10_18,CNHA,15,NA,NA,NA,NA,NA,NA
2019_10_18,CNHA,30,NA,NA,NA,NA,NA,NA
2019_10_18,CNHA,45,NA,NA,NA,NA,NA,NA
2019_10_18,CNHB,AS,15.555,303,294,293.8,12.5,0.9453125
2019_10_18,CNHB,0,15.971,303,294,293.8,12.5,0.9453125
2019_10_18,CNHB,15,16.719,303,294,293.8,12.5,0.9453125
2019_10_18,CNHB,30,16.476,303,294,293.8,12.5,0.9453125
2019_10_18,CNHB,45,16.563,303,294,293.8,12.5,0.9453125
2019_10_18,CNHC,AS,15.121,303,300.1,293.8,12.5,1.03984375
2019_10_18,CNHC,0,15.121,303,300.1,293.8,12.5,1.03984375
2019_10_18,CNHC,15,18.823,303,300.1,293.8,12.5,1.03984375
2019_10_18,CNHC,30,19.889,303,300.1,293.8,12.5,1.03984375
2019_10_18,CNHC,45,21.829,303,300.1,293.8,12.5,1.03984375
2019_10_18,CNLA,AS,14.809,303,291.9,293.8,12.5,3.403125
2019_10_18,CNLA,0,14.931,303,291.9,293.8,12.5,3.403125
2019_10_18,CNLA,15,14.983,303,291.9,293.8,12.5,3.403125
2019_10_18,CNLA,30,15.643,303,291.9,293.8,12.5,3.403125
2019_10_18,CNLA,45,16.511,303,291.9,293.8,12.5,3.403125
2019_10_18,CNLB,AS,15.313,303,293.9,293.8,12.5,1.41796875
2019_10_18,CNLB,0,16.025,303,293.9,293.8,12.5,1.41796875
2019_10_18,CNLB,15,18.077,303,293.9,293.8,12.5,1.41796875
2019_10_18,CNLB,30,18.582,303,293.9,293.8,12.5,1.41796875
2019_10_18,CNLB,45,18.795,303,293.9,293.8,12.5,1.41796875
2019_10_18,CNLC,AS,16.008,303,294.5,293.8,12.5,1.41796875
2019_10_18,CNLC,0,15.173,303,294.5,293.8,12.5,1.41796875
2019_10_18,CNLC,15,21.13,303,294.5,293.8,12.5,1.41796875
2019_10_18,CNLC,30,22.825,303,294.5,293.8,12.5,1.41796875
2019_10_18,CNLC,45,23.931,303,294.5,293.8,12.5,1.41796875
2019_10_18,CSHA,AS,17.225,298,293.1,293.8,12.5,1.22890625
2019_10_18,CSHA,0,15.366,298,293.1,293.8,12.5,1.22890625
2019_10_18,CSHA,15,19.402,298,293.1,293.8,12.5,1.22890625
2019_10_18,CSHA,30,24.562,298,293.1,293.8,12.5,1.22890625
2019_10_18,CSHA,45,27.711,298,293.1,293.8,12.5,1.22890625
2019_10_18,CSHB,AS,14.966,298,294.3,293.8,12.5,1.41796875
2019_10_18,CSHB,0,15.62619,298,294.3,293.8,12.5,1.41796875
2019_10_18,CSHB,15,19.211,298,294.3,293.8,12.5,1.41796875
2019_10_18,CSHB,30,24.283,298,294.3,293.8,12.5,1.41796875
2019_10_18,CSHB,45,28.117,298,294.3,293.8,12.5,1.41796875
2019_10_18,CSHC,AS,14.568,298,293.7,293.8,4.4,0.28359375
2019_10_18,CSHC,0,14.43,298,293.7,293.8,4.4,0.28359375
2019_10_18,CSHC,15,17.349,298,293.7,293.8,4.4,0.28359375
2019_10_18,CSHC,30,19.666,298,293.7,293.8,4.4,0.28359375
2019_10_18,CSHC,45,21.745,298,293.7,293.8,4.4,0.28359375
2019_10_18,CSLA,AS,19.422,298,295.1,293.8,4.4,2.26875
2019_10_18,CSLA,0,16.115,298,295.1,293.8,4.4,2.26875
2019_10_18,CSLA,15,20.748,298,295.1,293.8,4.4,2.26875
2019_10_18,CSLA,30,25.987,298,295.1,293.8,4.4,2.26875
2019_10_18,CSLA,45,30.29,298,295.1,293.8,4.4,2.26875
2019_10_18,CSLB,AS,14.343,298,293.4,293.8,4.4,2.646875
2019_10_18,CSLB,0,14.002,298,293.4,293.8,4.4,2.646875
2019_10_18,CSLB,15,21.884,298,293.4,293.8,4.4,2.646875
2019_10_18,CSLB,30,23.794,298,293.4,293.8,4.4,2.646875
2019_10_18,CSLB,45,25.74,298,293.4,293.8,4.4,2.646875
2019_10_18,CSLC,AS,14.69,298,293.6,293.8,4.4,0.66171875
2019_10_18,CSLC,0,19.351,298,293.6,293.8,4.4,0.66171875
2019_10_18,CSLC,15,53.721,298,293.6,293.8,4.4,0.66171875
2019_10_18,CSLC,30,68.367,298,293.6,293.8,4.4,0.66171875
2019_10_18,CSLC,45,82.086,298,293.6,293.8,4.4,0.66171875
2019_10_18,WPXA,AS,NA,NA,NA,NA,NA,NA
2019_10_18,WPXA,0,NA,NA,NA,NA,NA,NA
2019_10_18,WPXA,15,NA,NA,NA,NA,NA,NA
2019_10_18,WPXA,30,NA,NA,NA,NA,NA,NA
2019_10_18,WPXA,45,NA,NA,NA,NA,NA,NA
2019_10_18,WPXB,AS,NA,NA,NA,NA,NA,NA
2019_10_18,WPXB,0,NA,NA,NA,NA,NA,NA
2019_10_18,WPXB,15,NA,NA,NA,NA,NA,NA
2019_10_18,WPXB,30,NA,NA,NA,NA,NA,NA
2019_10_18,WPXB,45,NA,NA,NA,NA,NA,NA
2019_10_18,WPXC,AS,NA,NA,NA,NA,NA,NA
2019_10_18,WPXC,0,NA,NA,NA,NA,NA,NA
2019_10_18,WPXC,15,NA,NA,NA,NA,NA,NA
2019_10_18,WPXC,30,NA,NA,NA,NA,NA,NA
2019_10_18,WPXC,45,NA,NA,NA,NA,NA,NA
2019_10_18,WPXD,AS,NA,NA,NA,NA,NA,NA
2019_10_18,WPXD,0,NA,NA,NA,NA,NA,NA
2019_10_18,WPXD,15,NA,NA,NA,NA,NA,NA
2019_10_18,WPXD,30,NA,NA,NA,NA,NA,NA
2019_10_18,WPXD,45,NA,NA,NA,NA,NA,NA
2019_10_04,NNHA,AS,16.867,298,300,294,4.4,1.79609375
2019_10_04,NNHA,0,16.041,298,300,294,4.4,1.79609375
2019_10_04,NNHA,15,17.474,298,300,294,4.4,1.79609375
2019_10_04,NNHA,30,18.032,298,300,294,4.4,1.79609375
2019_10_04,NNHA,45,18.014,298,300,294,4.4,1.79609375
2019_10_04,NNHB,AS,16.039,298,300.9,294,12.5,0.47265625
2019_10_04,NNHB,0,16.646,298,300.9,294,12.5,0.47265625
2019_10_04,NNHB,15,17.688,298,300.9,294,12.5,0.47265625
2019_10_04,NNHB,30,18.59,298,300.9,294,12.5,0.47265625
2019_10_04,NNHB,45,18.973,298,300.9,294,12.5,0.47265625
2019_10_04,NNHC,AS,15.935,298,302.5,294,12.5,0.047265625
2019_10_04,NNHC,0,16.126,298,302.5,294,12.5,0.047265625
2019_10_04,NNHC,15,19.86,298,302.5,294,12.5,0.047265625
2019_10_04,NNHC,30,22.284,298,302.5,294,12.5,0.047265625
2019_10_04,NNHC,45,23.437,298,302.5,294,12.5,0.047265625
2019_10_04,NNLA,AS,17.414,298,299.9,294,4.4,1.03984375
2019_10_04,NNLA,0,16.667,298,299.9,294,4.4,1.03984375
2019_10_04,NNLA,15,18.891,298,299.9,294,4.4,1.03984375
2019_10_04,NNLA,30,18.814,298,299.9,294,4.4,1.03984375
2019_10_04,NNLA,45,19.133,298,299.9,294,4.4,1.03984375
2019_10_04,NNLB,AS,16.956,298,301.6,294,4.4,2.17421875
2019_10_04,NNLB,0,18.886,298,301.6,294,4.4,2.17421875
2019_10_04,NNLB,15,18.364,298,301.6,294,4.4,2.17421875
2019_10_04,NNLB,30,17.999,298,301.6,294,4.4,2.17421875
2019_10_04,NNLB,45,20.82,298,301.6,294,4.4,2.17421875
2019_10_04,NNLC,AS,16.632,298,301.6,294,12.5,1.79609375
2019_10_04,NNLC,0,17.76,298,301.6,294,12.5,1.79609375
2019_10_04,NNLC,15,27.121,298,301.6,294,12.5,1.79609375
2019_10_04,NNLC,30,28.6,298,301.6,294,12.5,1.79609375
2019_10_04,NNLC,45,27.51,298,301.6,294,12.5,1.79609375
2019_10_04,NEHA,AS,16.835,297.8,301.5,294,4.4,1.5125
2019_10_04,NEHA,0,17.616,297.8,301.5,294,4.4,1.5125
2019_10_04,NEHA,15,16.956,297.8,301.5,294,4.4,1.5125
2019_10_04,NEHA,30,22.49,297.8,301.5,294,4.4,1.5125
2019_10_04,NEHA,45,23.277,297.8,301.5,294,4.4,1.5125
2019_10_04,NEHB,AS,15.83,297.8,301.6,294,4.4,1.5125
2019_10_04,NEHB,0,15.9,297.8,301.6,294,4.4,1.5125
2019_10_04,NEHB,15,20.627,297.8,301.6,294,4.4,1.5125
2019_10_04,NEHB,30,22.179,297.8,301.6,294,4.4,1.5125
2019_10_04,NEHB,45,22.702,297.8,301.6,294,4.4,1.5125
2019_10_04,NEHC,AS,16.644,297.8,302.1,294,12.5,2.17421875
2019_10_04,NEHC,0,16.977,297.8,302.1,294,12.5,2.17421875
2019_10_04,NEHC,15,18.452,297.8,302.1,294,12.5,2.17421875
2019_10_04,NEHC,30,21.429,297.8,302.1,294,12.5,2.17421875
2019_10_04,NEHC,45,19.931,297.8,302.1,294,12.5,2.17421875
2019_10_04,NELA,AS,16.75,297.8,300,294,4.4,2.26875
2019_10_04,NELA,0,17.478,297.8,300,294,4.4,2.26875
2019_10_04,NELA,15,17.045,297.8,300,294,4.4,2.26875
2019_10_04,NELA,30,16.819,297.8,300,294,4.4,2.26875
2019_10_04,NELA,45,16.299,297.8,300,294,4.4,2.26875
2019_10_04,NELB,AS,16.599,297.8,302.1,294,12.5,1.890625
2019_10_04,NELB,0,16.252,297.8,302.1,294,12.5,1.890625
2019_10_04,NELB,15,18.614,297.8,302.1,294,12.5,1.890625
2019_10_04,NELB,30,18.161,297.8,302.1,294,12.5,1.890625
2019_10_04,NELB,45,17.726,297.8,302.1,294,12.5,1.890625
2019_10_04,NELC,AS,17.358,297.8,302.2,294,12.5,1.60703125
2019_10_04,NELC,0,17.775,297.8,302.2,294,12.5,1.60703125
2019_10_04,NELC,15,29.598,297.8,302.2,294,12.5,1.60703125
2019_10_04,NELC,30,34.177,297.8,302.2,294,12.5,1.60703125
2019_10_04,NELC,45,36.286,297.8,302.2,294,12.5,1.60703125
2019_10_04,CNHA,AS,NA,NA,NA,NA,NA,NA
2019_10_04,CNHA,0,NA,NA,NA,NA,NA,NA
2019_10_04,CNHA,15,NA,NA,NA,NA,NA,NA
2019_10_04,CNHA,30,NA,NA,NA,NA,NA,NA
2019_10_04,CNHA,45,NA,NA,NA,NA,NA,NA
2019_10_04,CNHB,AS,16.538,297,298.1,294,12.5,0.9453125
2019_10_04,CNHB,0,17.858,297,298.1,294,12.5,0.9453125
2019_10_04,CNHB,15,22.005,297,298.1,294,12.5,0.9453125
2019_10_04,CNHB,30,24.401,297,298.1,294,12.5,0.9453125
2019_10_04,CNHB,45,25.628,297,298.1,294,12.5,0.9453125
2019_10_04,CNHC,AS,16.278,297,299.6,294,12.5,1.03984375
2019_10_04,CNHC,0,16.121,297,299.6,294,12.5,1.03984375
2019_10_04,CNHC,15,19.963,297,299.6,294,12.5,1.03984375
2019_10_04,CNHC,30,23.875,297,299.6,294,12.5,1.03984375
2019_10_04,CNHC,45,27.594,297,299.6,294,12.5,1.03984375
2019_10_04,CNLA,AS,16.782,297,295.8,294,12.5,3.403125
2019_10_04,CNLA,0,17.251,297,295.8,294,12.5,3.403125
2019_10_04,CNLA,15,23.439,297,295.8,294,12.5,3.403125
2019_10_04,CNLA,30,26.717,297,295.8,294,12.5,3.403125
2019_10_04,CNLA,45,27.648,297,295.8,294,12.5,3.403125
2019_10_04,CNLB,AS,16.62,297,296.5,294,12.5,1.41796875
2019_10_04,CNLB,0,17.991,297,296.5,294,12.5,1.41796875
2019_10_04,CNLB,15,27.339,297,296.5,294,12.5,1.41796875
2019_10_04,CNLB,30,32.239,297,296.5,294,12.5,1.41796875
2019_10_04,CNLB,45,37.28,297,296.5,294,12.5,1.41796875
2019_10_04,CNLC,AS,16.195,297,297.1,294,12.5,1.41796875
2019_10_04,CNLC,0,16.663,297,297.1,294,12.5,1.41796875
2019_10_04,CNLC,15,20.486,297,297.1,294,12.5,1.41796875
2019_10_04,CNLC,30,24.573,297,297.1,294,12.5,1.41796875
2019_10_04,CNLC,45,28.538,297,297.1,294,12.5,1.41796875
2019_10_04,CSHA,AS,17.468,300.4,292.5,294,4.4,1.22890625
2019_10_04,CSHA,0,17.451,300.4,292.5,294,4.4,1.22890625
2019_10_04,CSHA,15,23.323,300.4,292.5,294,4.4,1.22890625
2019_10_04,CSHA,30,28.271,300.4,292.5,294,4.4,1.22890625
2019_10_04,CSHA,45,32.221,300.4,292.5,294,4.4,1.22890625
2019_10_04,CSHB,AS,17.281,300.4,293.7,294,4.4,1.41796875
2019_10_04,CSHB,0,17.576,300.4,293.7,294,4.4,1.41796875
2019_10_04,CSHB,15,25.991,300.4,293.7,294,4.4,1.41796875
2019_10_04,CSHB,30,32.721,300.4,293.7,294,4.4,1.41796875
2019_10_04,CSHB,45,35.255,300.4,293.7,294,4.4,1.41796875
2019_10_04,CSHC,AS,17.038,300.4,289.2,294,4.4,0.28359375
2019_10_04,CSHC,0,18.168,300.4,289.2,294,4.4,0.28359375
2019_10_04,CSHC,15,24.922,300.4,289.2,294,4.4,0.28359375
2019_10_04,CSHC,30,29.914,300.4,289.2,294,4.4,0.28359375
2019_10_04,CSHC,45,34.017,300.4,289.2,294,4.4,0.28359375
2019_10_04,CSLA,AS,17.295,300.4,299.6,294,4.4,2.26875
2019_10_04,CSLA,0,17.538,300.4,299.6,294,4.4,2.26875
2019_10_04,CSLA,15,23.638,300.4,299.6,294,4.4,2.26875
2019_10_04,CSLA,30,32.454,300.4,299.6,294,4.4,2.26875
2019_10_04,CSLA,45,36.311,300.4,299.6,294,4.4,2.26875
2019_10_04,CSLB,AS,16.401,300.4,294.2,294,4.4,2.646875
2019_10_04,CSLB,0,17.598,300.4,294.2,294,4.4,2.646875
2019_10_04,CSLB,15,26.744,300.4,294.2,294,4.4,2.646875
2019_10_04,CSLB,30,31.638,300.4,294.2,294,4.4,2.646875
2019_10_04,CSLB,45,36.757,300.4,294.2,294,4.4,2.646875
2019_10_04,CSLC,AS,18.693,300.4,295.1,294,4.4,0.66171875
2019_10_04,CSLC,0,19.372,300.4,295.1,294,4.4,0.66171875
2019_10_04,CSLC,15,53.742,300.4,295.1,294,4.4,0.66171875
2019_10_04,CSLC,30,75.35,300.4,295.1,294,4.4,0.66171875
2019_10_04,CSLC,45,96.494,300.4,295.1,294,4.4,0.66171875
2019_10_04,WPXA,AS,NA,NA,NA,NA,NA,NA
2019_10_04,WPXA,0,NA,NA,NA,NA,NA,NA
2019_10_04,WPXA,15,NA,NA,NA,NA,NA,NA
2019_10_04,WPXA,30,NA,NA,NA,NA,NA,NA
2019_10_04,WPXA,45,NA,NA,NA,NA,NA,NA
2019_10_04,WPXB,AS,NA,NA,NA,NA,NA,NA
2019_10_04,WPXB,0,NA,NA,NA,NA,NA,NA
2019_10_04,WPXB,15,NA,NA,NA,NA,NA,NA
2019_10_04,WPXB,30,NA,NA,NA,NA,NA,NA
2019_10_04,WPXB,45,NA,NA,NA,NA,NA,NA
2019_10_04,WPXC,AS,NA,NA,NA,NA,NA,NA
2019_10_04,WPXC,0,NA,NA,NA,NA,NA,NA
2019_10_04,WPXC,15,NA,NA,NA,NA,NA,NA
2019_10_04,WPXC,30,NA,NA,NA,NA,NA,NA
2019_10_04,WPXC,45,NA,NA,NA,NA,NA,NA
2019_10_04,WPXD,AS,NA,NA,NA,NA,NA,NA
2019_10_04,WPXD,0,NA,NA,NA,NA,NA,NA
2019_10_04,WPXD,15,NA,NA,NA,NA,NA,NA
2019_10_04,WPXD,30,NA,NA,NA,NA,NA,NA
2019_10_04,WPXD,45,NA,NA,NA,NA,NA,NA
2019_09_13,NNHA,AS,16.01,299.9,305.2,294.9,12.5,1.79609375
2019_09_13,NNHA,0,16.532,299.9,305.2,294.9,12.5,1.79609375
2019_09_13,NNHA,15,19.377,299.9,305.2,294.9,12.5,1.79609375
2019_09_13,NNHA,30,21.092,299.9,305.2,294.9,12.5,1.79609375
2019_09_13,NNHA,45,19.482,299.9,305.2,294.9,12.5,1.79609375
2019_09_13,NNHB,AS,15.924,299.9,304.9,294.9,12.5,0.47265625
2019_09_13,NNHB,0,16.081,299.9,304.9,294.9,12.5,0.47265625
2019_09_13,NNHB,15,17.563,299.9,304.9,294.9,12.5,0.47265625
2019_09_13,NNHB,30,18.612,299.9,304.9,294.9,12.5,0.47265625
2019_09_13,NNHB,45,20.168,299.9,304.9,294.9,12.5,0.47265625
2019_09_13,NNHC,AS,17.425,299.9,303,294.9,12.5,0.047265625
2019_09_13,NNHC,0,16.849,299.9,303,294.9,12.5,0.047265625
2019_09_13,NNHC,15,17.546,299.9,303,294.9,12.5,0.047265625
2019_09_13,NNHC,30,16.761,299.9,303,294.9,12.5,0.047265625
2019_09_13,NNHC,45,16.308,299.9,303,294.9,12.5,0.047265625
2019_09_13,NNLA,AS,16.377,299.9,304.8,294.9,12.5,1.03984375
2019_09_13,NNLA,0,17.614,299.9,304.8,294.9,12.5,1.03984375
2019_09_13,NNLA,15,31.638,299.9,304.8,294.9,12.5,1.03984375
2019_09_13,NNLA,30,32.755,299.9,304.8,294.9,12.5,1.03984375
2019_09_13,NNLA,45,30.857,299.9,304.8,294.9,12.5,1.03984375
2019_09_13,NNLB,AS,15.16,299.9,303.5,294.9,12.5,2.17421875
2019_09_13,NNLB,0,15.368,299.9,303.5,294.9,12.5,2.17421875
2019_09_13,NNLB,15,16.17,299.9,303.5,294.9,12.5,2.17421875
2019_09_13,NNLB,30,15.874,299.9,303.5,294.9,12.5,2.17421875
2019_09_13,NNLB,45,15.039,299.9,303.5,294.9,12.5,2.17421875
2019_09_13,NNLC,AS,16.292,299.9,301.7,294.9,12.5,1.79609375
2019_09_13,NNLC,0,17.392,299.9,301.7,294.9,12.5,1.79609375
2019_09_13,NNLC,15,18.457,299.9,301.7,294.9,12.5,1.79609375
2019_09_13,NNLC,30,17.933,299.9,301.7,294.9,12.5,1.79609375
2019_09_13,NNLC,45,17.026,299.9,301.7,294.9,12.5,1.79609375
2019_09_13,NEHA,AS,16.317,300.9,301.6,294.9,4.4,1.5125
2019_09_13,NEHA,0,16.596,300.9,301.6,294.9,4.4,1.5125
2019_09_13,NEHA,15,16.544,300.9,301.6,294.9,4.4,1.5125
2019_09_13,NEHA,30,16.109,300.9,301.6,294.9,4.4,1.5125
2019_09_13,NEHA,45,15.793,300.9,301.6,294.9,4.4,1.5125
2019_09_13,NEHB,AS,17.041,300.9,299.8,294.9,12.5,1.5125
2019_09_13,NEHB,0,16.937,300.9,299.8,294.9,12.5,1.5125
2019_09_13,NEHB,15,20.991,300.9,299.8,294.9,12.5,1.5125
2019_09_13,NEHB,30,22.235,300.9,299.8,294.9,12.5,1.5125
2019_09_13,NEHB,45,23.097,300.9,299.8,294.9,12.5,1.5125
2019_09_13,NEHC,AS,16.468,300.9,301.3,294.9,12.5,2.17421875
2019_09_13,NEHC,0,17.864,300.9,301.3,294.9,12.5,2.17421875
2019_09_13,NEHC,15,18.912,300.9,301.3,294.9,12.5,2.17421875
2019_09_13,NEHC,30,19.419,300.9,301.3,294.9,12.5,2.17421875
2019_09_13,NEHC,45,20.171,300.9,301.3,294.9,12.5,2.17421875
2019_09_13,NELA,AS,16.644,300.9,302.2,294.9,4.4,2.26875
2019_09_13,NELA,0,19.227,300.9,302.2,294.9,4.4,2.26875
2019_09_13,NELA,15,20.908,300.9,302.2,294.9,4.4,2.26875
2019_09_13,NELA,30,21.785,300.9,302.2,294.9,4.4,2.26875
2019_09_13,NELA,45,22.452,300.9,302.2,294.9,4.4,2.26875
2019_09_13,NELB,AS,16.298,300.9,299.6,294.9,12.5,1.890625
2019_09_13,NELB,0,16.559,300.9,299.6,294.9,12.5,1.890625
2019_09_13,NELB,15,16.438,300.9,299.6,294.9,12.5,1.890625
2019_09_13,NELB,30,16.176,300.9,299.6,294.9,12.5,1.890625
2019_09_13,NELB,45,15.968,300.9,299.6,294.9,12.5,1.890625
2019_09_13,NELC,AS,16.317,300.9,298.6,294.9,12.5,1.60703125
2019_09_13,NELC,0,16.596,300.9,298.6,294.9,12.5,1.60703125
2019_09_13,NELC,15,16.544,300.9,298.6,294.9,12.5,1.60703125
2019_09_13,NELC,30,16.109,300.9,298.6,294.9,12.5,1.60703125
2019_09_13,NELC,45,15.793,300.9,298.6,294.9,12.5,1.60703125
2019_09_13,CNHA,AS,NA,NA,NA,NA,NA,NA
2019_09_13,CNHA,0,NA,NA,NA,NA,NA,NA
2019_09_13,CNHA,15,NA,NA,NA,NA,NA,NA
2019_09_13,CNHA,30,NA,NA,NA,NA,NA,NA
2019_09_13,CNHA,45,NA,NA,NA,NA,NA,NA
2019_09_13,CNHB,AS,16.247,304.6,292.2,294.9,12.5,0.9453125
2019_09_13,CNHB,0,17.573,304.6,292.2,294.9,12.5,0.9453125
2019_09_13,CNHB,15,25.094,304.6,292.2,294.9,12.5,0.9453125
2019_09_13,CNHB,30,26.449,304.6,292.2,294.9,12.5,0.9453125
2019_09_13,CNHB,45,28.603,304.6,292.2,294.9,12.5,0.9453125
2019_09_13,CNHC,AS,17.83,304.6,293,294.9,12.5,1.03984375
2019_09_13,CNHC,0,21.221,304.6,293,294.9,12.5,1.03984375
2019_09_13,CNHC,15,30.926,304.6,293,294.9,12.5,1.03984375
2019_09_13,CNHC,30,37.726,304.6,293,294.9,12.5,1.03984375
2019_09_13,CNHC,45,44.696,304.6,293,294.9,12.5,1.03984375
2019_09_13,CNLA,AS,17.156,304.6,297.1,294.9,12.5,3.403125
2019_09_13,CNLA,0,19.426,304.6,297.1,294.9,12.5,3.403125
2019_09_13,CNLA,15,26.647,304.6,297.1,294.9,12.5,3.403125
2019_09_13,CNLA,30,33.487,304.6,297.1,294.9,12.5,3.403125
2019_09_13,CNLA,45,36.966,304.6,297.1,294.9,12.5,3.403125
2019_09_13,CNLB,AS,15.447,304.6,296.3,294.9,12.5,1.41796875
2019_09_13,CNLB,0,16.509,304.6,296.3,294.9,12.5,1.41796875
2019_09_13,CNLB,15,25.412,304.6,296.3,294.9,12.5,1.41796875
2019_09_13,CNLB,30,32.419,304.6,296.3,294.9,12.5,1.41796875
2019_09_13,CNLB,45,39.634,304.6,296.3,294.9,12.5,1.41796875
2019_09_13,CNLC,AS,17.119,304.6,295.8,294.9,12.5,1.41796875
2019_09_13,CNLC,0,17.747,304.6,295.8,294.9,12.5,1.41796875
2019_09_13,CNLC,15,27.146,304.6,295.8,294.9,12.5,1.41796875
2019_09_13,CNLC,30,36.105,304.6,295.8,294.9,12.5,1.41796875
2019_09_13,CNLC,45,46.817,304.6,295.8,294.9,12.5,1.41796875
2019_09_13,CSHA,AS,16.563,299.6,294.7,294.9,12.5,1.22890625
2019_09_13,CSHA,0,16.406,299.6,294.7,294.9,12.5,1.22890625
2019_09_13,CSHA,15,20.824,299.6,294.7,294.9,12.5,1.22890625
2019_09_13,CSHA,30,25.193,299.6,294.7,294.9,12.5,1.22890625
2019_09_13,CSHA,45,29.198,299.6,294.7,294.9,12.5,1.22890625
2019_09_13,CSHB,AS,16.947,299.6,296.4,294.9,4.4,1.41796875
2019_09_13,CSHB,0,17.12,299.6,296.4,294.9,4.4,1.41796875
2019_09_13,CSHB,15,29.958,299.6,296.4,294.9,4.4,1.41796875
2019_09_13,CSHB,30,42.183,299.6,296.4,294.9,4.4,1.41796875
2019_09_13,CSHB,45,51.039,299.6,296.4,294.9,4.4,1.41796875
2019_09_13,CSHC,AS,16.373,299.6,295.9,294.9,12.5,0.28359375
2019_09_13,CSHC,0,19.25,299.6,295.9,294.9,12.5,0.28359375
2019_09_13,CSHC,15,26.022,299.6,295.9,294.9,12.5,0.28359375
2019_09_13,CSHC,30,33.349,299.6,295.9,294.9,12.5,0.28359375
2019_09_13,CSHC,45,40.353,299.6,295.9,294.9,12.5,0.28359375
2019_09_13,CSLA,AS,17.611,299.6,302.6,294.9,12.5,2.26875
2019_09_13,CSLA,0,17.401,299.6,302.6,294.9,12.5,2.26875
2019_09_13,CSLA,15,24.001,299.6,302.6,294.9,12.5,2.26875
2019_09_13,CSLA,30,31.894,299.6,302.6,294.9,12.5,2.26875
2019_09_13,CSLA,45,NA,299.6,302.6,294.9,12.5,2.26875
2019_09_13,CSLB,AS,16.464,299.6,296.9,294.9,12.5,2.646875
2019_09_13,CSLB,0,16.166,299.6,296.9,294.9,12.5,2.646875
2019_09_13,CSLB,15,24.53,299.6,296.9,294.9,12.5,2.646875
2019_09_13,CSLB,30,30.955,299.6,296.9,294.9,12.5,2.646875
2019_09_13,CSLB,45,36.31,299.6,296.9,294.9,12.5,2.646875
2019_09_13,CSLC,AS,16.392,299.6,297.8,294.9,12.5,0.66171875
2019_09_13,CSLC,0,16.548,299.6,297.8,294.9,12.5,0.66171875
2019_09_13,CSLC,15,28.849,299.6,297.8,294.9,12.5,0.66171875
2019_09_13,CSLC,30,41.363,299.6,297.8,294.9,12.5,0.66171875
2019_09_13,CSLC,45,56.592,299.6,297.8,294.9,12.5,0.66171875
2019_09_13,WPXA,AS,16.515,301.2,305.6,294.9,12.5,NA
2019_09_13,WPXA,0,18.886,301.2,305.6,294.9,12.5,NA
2019_09_13,WPXA,15,28.594,301.2,305.6,294.9,12.5,NA
2019_09_13,WPXA,30,33.147,301.2,305.6,294.9,12.5,NA
2019_09_13,WPXA,45,32.882,301.2,305.6,294.9,12.5,NA
2019_09_13,WPXB,AS,15.823,301.2,306.7,294.9,12.5,NA
2019_09_13,WPXB,0,16.328,301.2,306.7,294.9,12.5,NA
2019_09_13,WPXB,15,11.52,301.2,306.7,294.9,12.5,NA
2019_09_13,WPXB,30,16.712,301.2,306.7,294.9,12.5,NA
2019_09_13,WPXB,45,16.433,301.2,306.7,294.9,12.5,NA
2019_09_13,WPXC,AS,15.634,301.2,305.9,294.9,12.5,NA
2019_09_13,WPXC,0,16.557,301.2,305.9,294.9,12.5,NA
2019_09_13,WPXC,15,29.722,301.2,305.9,294.9,12.5,NA
2019_09_13,WPXC,30,37.98,301.2,305.9,294.9,12.5,NA
2019_09_13,WPXC,45,40.97,301.2,305.9,294.9,12.5,NA
2019_09_13,WPXD,AS,15.378,301.2,304.6,294.9,12.5,NA
2019_09_13,WPXD,0,15.796,301.2,304.6,294.9,12.5,NA
2019_09_13,WPXD,15,31.374,301.2,304.6,294.9,12.5,NA
2019_09_13,WPXD,30,40.781,301.2,304.6,294.9,12.5,NA
2019_09_13,WPXD,45,52.958,301.2,304.6,294.9,12.5,NA
2019_08_30,NNHA,AS,16.605,299.5,307.8,293.5,4.4,1.79609375
2019_08_30,NNHA,0,17.111,299.5,307.8,293.5,4.4,1.79609375
2019_08_30,NNHA,15,19.609,299.5,307.8,293.5,4.4,1.79609375
2019_08_30,NNHA,30,20.186,299.5,307.8,293.5,4.4,1.79609375
2019_08_30,NNHA,45,20.24,299.5,307.8,293.5,4.4,1.79609375
2019_08_30,NNHB,AS,17.262,299.5,305.5,293.5,4.4,0.47265625
2019_08_30,NNHB,0,17.768,299.5,305.5,293.5,4.4,0.47265625
2019_08_30,NNHB,15,18.344,299.5,305.5,293.5,4.4,0.47265625
2019_08_30,NNHB,30,18.746,299.5,305.5,293.5,4.4,0.47265625
2019_08_30,NNHB,45,19.585,299.5,305.5,293.5,4.4,0.47265625
2019_08_30,NNHC,AS,16.411,299.5,306.1,293.5,12.5,0.047265625
2019_08_30,NNHC,0,15.942,299.5,306.1,293.5,12.5,0.047265625
2019_08_30,NNHC,15,16.708,299.5,306.1,293.5,12.5,0.047265625
2019_08_30,NNHC,30,16.099,299.5,306.1,293.5,12.5,0.047265625
2019_08_30,NNHC,45,15.978,299.5,306.1,293.5,12.5,0.047265625
2019_08_30,NNLA,AS,15.855,299.5,304.4,293.5,4.4,1.03984375
2019_08_30,NNLA,0,17.423,299.5,304.4,293.5,4.4,1.03984375
2019_08_30,NNLA,15,26.788,299.5,304.4,293.5,4.4,1.03984375
2019_08_30,NNLA,30,33.02,299.5,304.4,293.5,4.4,1.03984375
2019_08_30,NNLA,45,34.177,299.5,304.4,293.5,4.4,1.03984375
2019_08_30,NNLB,AS,16.359,299.5,305.5,293.5,4.4,2.17421875
2019_08_30,NNLB,0,16.446,299.5,305.5,293.5,4.4,2.17421875
2019_08_30,NNLB,15,20.026,299.5,305.5,293.5,4.4,2.17421875
2019_08_30,NNLB,30,16.987,299.5,305.5,293.5,4.4,2.17421875
2019_08_30,NNLB,45,15.419,299.5,305.5,293.5,4.4,2.17421875
2019_08_30,NNLC,AS,16.131,299.5,303,293.5,12.5,1.79609375
2019_08_30,NNLC,0,17.003,299.5,303,293.5,12.5,1.79609375
2019_08_30,NNLC,15,17.491,299.5,303,293.5,12.5,1.79609375
2019_08_30,NNLC,30,17.509,299.5,303,293.5,12.5,1.79609375
2019_08_30,NNLC,45,16.829,299.5,303,293.5,12.5,1.79609375
2019_08_30,NEHA,AS,NA,NA,NA,NA,NA,NA
2019_08_30,NEHA,0,NA,NA,NA,NA,NA,NA
2019_08_30,NEHA,15,NA,NA,NA,NA,NA,NA
2019_08_30,NEHA,30,NA,NA,NA,NA,NA,NA
2019_08_30,NEHA,45,NA,NA,NA,NA,NA,NA
2019_08_30,NEHB,AS,16.881,299.6,310.5,293.5,12.5,1.5125
2019_08_30,NEHB,0,16.567,299.6,310.5,293.5,12.5,1.5125
2019_08_30,NEHB,15,19.464,299.6,310.5,293.5,12.5,1.5125
2019_08_30,NEHB,30,19.885,299.6,310.5,293.5,12.5,1.5125
2019_08_30,NEHB,45,20.077,299.6,310.5,293.5,12.5,1.5125
2019_08_30,NEHC,AS,17.351,299.6,304.9,293.5,12.5,2.17421875
2019_08_30,NEHC,0,17.648,299.6,304.9,293.5,12.5,2.17421875
2019_08_30,NEHC,15,20.216,299.6,304.9,293.5,12.5,2.17421875
2019_08_30,NEHC,30,21.898,299.6,304.9,293.5,12.5,2.17421875
2019_08_30,NEHC,45,20.672,299.6,304.9,293.5,12.5,2.17421875
2019_08_30,NELA,AS,NA,NA,NA,NA,NA,NA
2019_08_30,NELA,0,NA,NA,NA,NA,NA,NA
2019_08_30,NELA,15,NA,NA,NA,NA,NA,NA
2019_08_30,NELA,30,NA,NA,NA,NA,NA,NA
2019_08_30,NELA,45,NA,NA,NA,NA,NA,NA
2019_08_30,NELB,AS,NA,NA,NA,NA,NA,NA
2019_08_30,NELB,0,NA,NA,NA,NA,NA,NA
2019_08_30,NELB,15,NA,NA,NA,NA,NA,NA
2019_08_30,NELB,30,NA,NA,NA,NA,NA,NA
2019_08_30,NELB,45,NA,NA,NA,NA,NA,NA
2019_08_30,NELC,AS,15.925,299.6,307.8,293.5,12.5,1.60703125
2019_08_30,NELC,0,16.168,299.6,307.8,293.5,12.5,1.60703125
2019_08_30,NELC,15,17.161,299.6,307.8,293.5,12.5,1.60703125
2019_08_30,NELC,30,15.628,299.6,307.8,293.5,12.5,1.60703125
2019_08_30,NELC,45,15.612,299.6,307.8,293.5,12.5,1.60703125
2019_08_30,CNHA,AS,16.749,297.2,291.4,293.5,12.5,2.55234375
2019_08_30,CNHA,0,16.174,297.2,291.4,293.5,12.5,2.55234375
2019_08_30,CNHA,15,24.358,297.2,291.4,293.5,12.5,2.55234375
2019_08_30,CNHA,30,29.612,297.2,291.4,293.5,12.5,2.55234375
2019_08_30,CNHA,45,34.048,297.2,291.4,293.5,12.5,2.55234375
2019_08_30,CNHB,AS,15.665,297.2,291.2,293.5,12.5,0.9453125
2019_08_30,CNHB,0,17.163,297.2,291.2,293.5,12.5,0.9453125
2019_08_30,CNHB,15,40.575,297.2,291.2,293.5,12.5,0.9453125
2019_08_30,CNHB,30,48.117,297.2,291.2,293.5,12.5,0.9453125
2019_08_30,CNHB,45,51.463,297.2,291.2,293.5,12.5,0.9453125
2019_08_30,CNHC,AS,16.799,297.2,292.7,293.5,12.5,1.03984375
2019_08_30,CNHC,0,17.147,297.2,292.7,293.5,12.5,1.03984375
2019_08_30,CNHC,15,27.065,297.2,292.7,293.5,12.5,1.03984375
2019_08_30,CNHC,30,37.053,297.2,292.7,293.5,12.5,1.03984375
2019_08_30,CNHC,45,45.48,297.2,292.7,293.5,12.5,1.03984375
2019_08_30,CNLA,AS,16.284,297.2,292.2,293.5,12.5,3.403125
2019_08_30,CNLA,0,16.424,297.2,292.2,293.5,12.5,3.403125
2019_08_30,CNLA,15,23.453,297.2,292.2,293.5,12.5,3.403125
2019_08_30,CNLA,30,31.091,297.2,292.2,293.5,12.5,3.403125
2019_08_30,CNLA,45,37.608,297.2,292.2,293.5,12.5,3.403125
2019_08_30,CNLB,AS,15.951,297.2,292.3,293.5,4.4,1.41796875
2019_08_30,CNLB,0,19.999,297.2,292.3,293.5,4.4,1.41796875
2019_08_30,CNLB,15,29.936,297.2,292.3,293.5,4.4,1.41796875
2019_08_30,CNLB,30,33.77,297.2,292.3,293.5,4.4,1.41796875
2019_08_30,CNLB,45,37.999,297.2,292.3,293.5,4.4,1.41796875
2019_08_30,CNLC,AS,16.89,297.2,292.7,293.5,12.5,1.41796875
2019_08_30,CNLC,0,16.907,297.2,292.7,293.5,12.5,1.41796875
2019_08_30,CNLC,15,32.716,297.2,292.7,293.5,12.5,1.41796875
2019_08_30,CNLC,30,36.616,297.2,292.7,293.5,12.5,1.41796875
2019_08_30,CNLC,45,35.475,297.2,292.7,293.5,12.5,1.41796875
2019_08_30,CSHA,AS,17.628,297.5,292.3,293.5,12.5,1.22890625
2019_08_30,CSHA,0,17.507,297.5,292.3,293.5,12.5,1.22890625
2019_08_30,CSHA,15,22.269,297.5,292.3,293.5,12.5,1.22890625
2019_08_30,CSHA,30,26.722,297.5,292.3,293.5,12.5,1.22890625
2019_08_30,CSHA,45,31.936,297.5,292.3,293.5,12.5,1.22890625
2019_08_30,CSHB,AS,17.522,297.5,292.5,293.5,12.5,1.41796875
2019_08_30,CSHB,0,18.466,297.5,292.5,293.5,12.5,1.41796875
2019_08_30,CSHB,15,29.458,297.5,292.5,293.5,12.5,1.41796875
2019_08_30,CSHB,30,42.658,297.5,292.5,293.5,12.5,1.41796875
2019_08_30,CSHB,45,47.658,297.5,292.5,293.5,12.5,1.41796875
2019_08_30,CSHC,AS,16.984,297.5,291.7,293.5,12.5,0.28359375
2019_08_30,CSHC,0,19.43,297.5,291.7,293.5,12.5,0.28359375
2019_08_30,CSHC,15,31.663,297.5,291.7,293.5,12.5,0.28359375
2019_08_30,CSHC,30,39.898,297.5,291.7,293.5,12.5,0.28359375
2019_08_30,CSHC,45,48.952,297.5,291.7,293.5,12.5,0.28359375
2019_08_30,CSLA,AS,16.955,297.5,293.6,293.5,4.4,2.26875
2019_08_30,CSLA,0,22.097,297.5,293.6,293.5,4.4,2.26875
2019_08_30,CSLA,15,46.194,297.5,293.6,293.5,4.4,2.26875
2019_08_30,CSLA,30,65.807,297.5,293.6,293.5,4.4,2.26875
2019_08_30,CSLA,45,84.348,297.5,293.6,293.5,4.4,2.26875
2019_08_30,CSLB,AS,17.408,297.5,293.8,293.5,12.5,2.646875
2019_08_30,CSLB,0,19.382,297.5,293.8,293.5,12.5,2.646875
2019_08_30,CSLB,15,29.256,297.5,293.8,293.5,12.5,2.646875
2019_08_30,CSLB,30,37.822,297.5,293.8,293.5,12.5,2.646875
2019_08_30,CSLB,45,47.07,297.5,293.8,293.5,12.5,2.646875
2019_08_30,CSLC,AS,16.529,297.5,293.4,293.5,12.5,0.66171875
2019_08_30,CSLC,0,18.257,297.5,293.4,293.5,12.5,0.66171875
2019_08_30,CSLC,15,31.268,297.5,293.4,293.5,12.5,0.66171875
2019_08_30,CSLC,30,42.804,297.5,293.4,293.5,12.5,0.66171875
2019_08_30,CSLC,45,56.146,297.5,293.4,293.5,12.5,0.66171875
2019_08_30,WPXA,AS,NA,NA,NA,NA,NA,NA
2019_08_30,WPXA,0,NA,NA,NA,NA,NA,NA
2019_08_30,WPXA,15,NA,NA,NA,NA,NA,NA
2019_08_30,WPXA,30,NA,NA,NA,NA,NA,NA
2019_08_30,WPXA,45,NA,NA,NA,NA,NA,NA
2019_08_30,WPXB,AS,NA,NA,NA,NA,NA,NA
2019_08_30,WPXB,0,NA,NA,NA,NA,NA,NA
2019_08_30,WPXB,15,NA,NA,NA,NA,NA,NA
2019_08_30,WPXB,30,NA,NA,NA,NA,NA,NA
2019_08_30,WPXB,45,NA,NA,NA,NA,NA,NA
2019_08_30,WPXC,AS,NA,NA,NA,NA,NA,NA
2019_08_30,WPXC,0,NA,NA,NA,NA,NA,NA
2019_08_30,WPXC,15,NA,NA,NA,NA,NA,NA
2019_08_30,WPXC,30,NA,NA,NA,NA,NA,NA
2019_08_30,WPXC,45,NA,NA,NA,NA,NA,NA
2019_08_30,WPXD,AS,NA,NA,NA,NA,NA,NA
2019_08_30,WPXD,0,NA,NA,NA,NA,NA,NA
2019_08_30,WPXD,15,NA,NA,NA,NA,NA,NA
2019_08_30,WPXD,30,NA,NA,NA,NA,NA,NA
2019_08_30,WPXD,45,NA,NA,NA,NA,NA,NA
